command,mean,stddev,median,user,system,min,max
perl BioPerl/reader.pl /tmp/random.fa /tmp/random.fa.gz /tmp/random.fq /tmp/random.fq.gz ,6.0871746850549995,0.1154636379020068,6.115659573855,6.1405462349999995,0.03424355,5.874260028855,6.254005542854999
perl Bio::SeqReader::Fastq/reader.pl /tmp/random.fa /tmp/random.fa.gz /tmp/random.fq /tmp/random.fq.gz ,0.38014074675500004,0.004799552135322871,0.37922431035500004,0.368646935,0.009253250000000001,0.37363491585499997,0.389564902855
perl BioX::Seq/reader.pl /tmp/random.fa /tmp/random.fa.gz /tmp/random.fq /tmp/random.fq.gz ,0.19685345472166665,0.0018985242752611383,0.196126220855,0.20773896833333333,0.017901783333333334,0.19477389185500002,0.200689084855
perl FAST::Bio::SeqIO::fastq/reader.pl /tmp/random.fa /tmp/random.fa.gz /tmp/random.fq /tmp/random.fq.gz ,6.852664190355,0.34399819010842664,6.779564301355,6.908011234999999,0.02715295,6.305534863855,7.565684305854999
perl FASTX::Reader/reader.pl /tmp/random.fa /tmp/random.fa.gz /tmp/random.fq /tmp/random.fq.gz ,0.244045479355,0.003302143898932092,0.24344651185500002,0.24557476833333336,0.0147533625,0.23944786985500002,0.249764986855
