{
  "results": [
    {
      "command": "perl BioPerl/reader.pl /tmp/random.fa /tmp/random.fa.gz /tmp/random.fq /tmp/random.fq.gz ",
      "mean": 6.0871746850549995,
      "stddev": 0.1154636379020068,
      "median": 6.115659573855,
      "user": 6.1405462349999995,
      "system": 0.03424355,
      "min": 5.874260028855,
      "max": 6.254005542854999,
      "times": [
        5.913810341854999,
        6.172704086855,
        6.145228629855,
        6.076844498854999,
        5.874260028855,
        6.098023719855,
        6.133295427855,
        6.254005542854999,
        6.0611538578549995,
        6.142420715855
      ]
    },
    {
      "command": "perl Bio::SeqReader::Fastq/reader.pl /tmp/random.fa /tmp/random.fa.gz /tmp/random.fq /tmp/random.fq.gz ",
      "mean": 0.38014074675500004,
      "stddev": 0.004799552135322871,
      "median": 0.37922431035500004,
      "user": 0.368646935,
      "system": 0.009253250000000001,
      "min": 0.37363491585499997,
      "max": 0.389564902855,
      "times": [
        0.380547158855,
        0.377901461855,
        0.376379454855,
        0.389564902855,
        0.37363491585499997,
        0.382156061855,
        0.377618897855,
        0.385462192855,
        0.376258111855,
        0.381884308855
      ]
    },
    {
      "command": "perl BioX::Seq/reader.pl /tmp/random.fa /tmp/random.fa.gz /tmp/random.fq /tmp/random.fq.gz ",
      "mean": 0.19685345472166665,
      "stddev": 0.0018985242752611383,
      "median": 0.196126220855,
      "user": 0.20773896833333333,
      "system": 0.017901783333333334,
      "min": 0.19477389185500002,
      "max": 0.200689084855,
      "times": [
        0.19569768685500002,
        0.19531365285500002,
        0.19523570685500002,
        0.195253344855,
        0.196126220855,
        0.196948153855,
        0.198516912855,
        0.20003355385500002,
        0.19630868185500003,
        0.196592943855,
        0.195834401855,
        0.19949263285500002,
        0.200689084855,
        0.195984950855,
        0.19477389185500002
      ]
    },
    {
      "command": "perl FAST::Bio::SeqIO::fastq/reader.pl /tmp/random.fa /tmp/random.fa.gz /tmp/random.fq /tmp/random.fq.gz ",
      "mean": 6.852664190355,
      "stddev": 0.34399819010842664,
      "median": 6.779564301355,
      "user": 6.908011234999999,
      "system": 0.02715295,
      "min": 6.305534863855,
      "max": 7.565684305854999,
      "times": [
        6.615366265855,
        6.926971247855,
        6.789999035855,
        6.949525302854999,
        6.727265445855,
        7.565684305854999,
        7.207522358855,
        6.769129566855,
        6.669643509855,
        6.305534863855
      ]
    },
    {
      "command": "perl FASTX::Reader/reader.pl /tmp/random.fa /tmp/random.fa.gz /tmp/random.fq /tmp/random.fq.gz ",
      "mean": 0.244045479355,
      "stddev": 0.003302143898932092,
      "median": 0.24344651185500002,
      "user": 0.24557476833333336,
      "system": 0.0147533625,
      "min": 0.23944786985500002,
      "max": 0.249764986855,
      "times": [
        0.242991081855,
        0.249764986855,
        0.23944786985500002,
        0.24096443685500002,
        0.24071357085500003,
        0.24165126185500002,
        0.24390194185500003,
        0.24176575085500002,
        0.24687669385500002,
        0.24599876485500002,
        0.24643927985500003,
        0.248030112855
      ]
    }
  ]
}
